,Link Type,state,a_end_interface,b_end_interface,capacity
1,Fiber,RESERVED,example-dist-r101_xe-0/0/0,example-access-001_eth1,10
2,Fiber,RESERVED,example-dist-r101_xe-0/0/1,example-access-002_eth1,10
3,Fiber,RESERVED,example-dist-r101_xe-0/0/2,example-access-003_eth1,10
4,Fiber,RESERVED,example-dist-r101_xe-0/0/3,example-access-004_eth1,10
5,Fiber,RESERVED,example-dist-r101_xe-0/0/4,example-access-005_eth1,10
6,Fiber,RESERVED,example-dist-r101_xe-0/0/5,example-access-006_eth1,10
7,Fiber,RESERVED,example-dist-r101_xe-0/0/6,example-access-007_eth1,10
8,Fiber,RESERVED,example-dist-r101_xe-0/0/7,example-access-008_eth1,10
9,Fiber,RESERVED,example-dist-r101_xe-0/0/8,example-access-009_eth1,10
10,Fiber,RESERVED,example-dist-r101_xe-0/0/9,example-access-010_eth1,10
11,Fiber,RESERVED,example-dist-r101_xe-0/0/10,example-access-011_eth1,10
12,Fiber,RESERVED,example-dist-r101_xe-0/0/11,example-access-012_eth1,10
13,Fiber,RESERVED,example-dist-r101_xe-0/0/12,example-access-013_eth1,10
14,Fiber,RESERVED,example-dist-r101_xe-0/0/13,example-access-014_eth1,10
15,Fiber,RESERVED,example-dist-r101_xe-0/0/14,example-access-015_eth1,10
16,Fiber,RESERVED,example-dist-r101_xe-0/0/15,example-access-016_eth1,10
17,Fiber,RESERVED,example-dist-r101_xe-0/0/16,example-access-017_eth1,10
18,Fiber,RESERVED,example-dist-r101_xe-0/0/17,example-access-018_eth1,10
19,Fiber,RESERVED,example-dist-r101_xe-0/0/18,example-access-019_eth1,10
20,Fiber,RESERVED,example-dist-r101_xe-0/0/19,example-access-020_eth1,10
21,Fiber,RESERVED,example-dist-r101_xe-0/0/20,example-access-021_eth1,10
22,Fiber,RESERVED,example-dist-r101_xe-0/0/21,example-access-022_eth1,10
23,Fiber,RESERVED,example-dist-r101_xe-0/0/22,example-access-023_eth1,10
24,Fiber,RESERVED,example-dist-r101_xe-0/0/23,example-access-024_eth1,10
25,Fiber,RESERVED,example-dist-r101_xe-0/0/24,example-access-025_eth1,10
26,Fiber,RESERVED,example-dist-r101_xe-0/0/25,example-access-026_eth1,10
27,Fiber,RESERVED,example-dist-r101_xe-0/0/26,example-access-027_eth1,10
28,Fiber,RESERVED,example-dist-r101_xe-0/0/27,example-access-028_eth1,10
29,Fiber,RESERVED,example-dist-r101_xe-0/0/28,example-access-029_eth1,10
30,Fiber,RESERVED,example-dist-r101_xe-0/0/29,example-access-030_eth1,10
31,Fiber,RESERVED,example-dist-r101_xe-0/0/30,example-access-031_eth1,10
32,Fiber,RESERVED,example-dist-r101_xe-0/0/31,example-access-032_eth1,10
33,Fiber,RESERVED,example-dist-r101_xe-0/0/32,example-access-033_eth1,10
34,Fiber,RESERVED,example-dist-r101_xe-0/0/33,example-access-034_eth1,10
35,Fiber,RESERVED,example-dist-r101_xe-0/0/34,example-access-035_eth1,10
36,Fiber,RESERVED,example-dist-r101_xe-0/0/35,example-access-036_eth1,10
37,Fiber,VALIDATED,example-dist-r101_xe-0/0/36,example-access-037_eth1,10
38,Fiber,VALIDATED,example-dist-r101_xe-0/0/37,example-access-038_eth1,10
39,Fiber,VALIDATED,example-dist-r101_xe-0/0/38,example-access-039_eth1,10
40,Fiber,VALIDATED,example-dist-r101_xe-0/0/39,example-access-040_eth1,10
41,Fiber,VALIDATED,example-dist-r101_xe-0/0/40,example-access-041_eth1,10
42,Fiber,VALIDATED,example-dist-r101_xe-0/0/41,example-access-042_eth1,10
43,Fiber,VALIDATED,example-dist-r101_xe-0/0/42,example-access-043_eth1,10
44,Fiber,VALIDATED,example-dist-r101_xe-0/0/43,example-access-044_eth1,10
45,Fiber,OPERATIONAL,example-dist-r101_xe-0/0/52:0,example-access-045_eth1,10
46,Fiber,OPERATIONAL,example-dist-r101_xe-0/0/52:1,example-access-046_eth1,10
47,Fiber,OPERATIONAL,example-dist-r101_xe-0/0/52:2,example-access-047_eth1,100
48,Fiber,OPERATIONAL,example-dist-r101_xe-0/0/52:3,example-access-048_eth1,100
